Username,MainCharacter
BlobFishPro,Daemon
Z0MBPR1NC3SS,Zerocool
AntikosmicX,Makutu
fmg2288,Zerocool
LITTLENINJA6289,Makutu
vGoDsCanadian,Zerocool
HajimeJapan,Zerocool
Alsiel Hallel,Cass
II HANZO II,Zerocool
Ev3rGrey,Azrael
PaneraBreaad,Daemon
IsaacDarso87,Nidhoggr
IFeetSniff,Any
Makaveli Dios,Makutu
Yuta7339,Daemon
v pooch v,Zerocool
ThatGuyPumpkin,Gizmo
Rubba DuckE,Daemon
Vryanjaguar,Maeve
MelThrsr,Maeve
ADirtyYoshi,Zerocool
Phatcat1223,Zerocool
jenkinsshaun,Gizmo
Odd,Daemon
CryoMoon3929,Nidhoggr
